"title","author","journal","year"
"Distinctive DNA sequence features define epigenetic longevity of inflammatory memory","CJ Cowley, SM Sajjath, LF Soto-Ugaldi, M Steiger, SB Larsen, T Carroll, ...","Science",2026
"Author Correction: A complex secretory program orchestrated by the inflammasome controls paracrine senescence","JC Acosta, A Banito, T Wuestefeld, A Georgilis, P Janich, JP Morton, ...","Nature Cell Biology",2026
"Identification of a thermogenic target in the dorsal raphe nucleus for weight management in mice","A Moura-Assis, K Plucińska, D Meseguer, A Baleisyte, B Chen, ...","Nature Communications",2026
"HIV-1 Integration Site Determines the Transcriptional Fate and Persistence of Integrated Proviruses","VK Pal, A Danesh, M Canis, TR Dilling, IG Miller, TT Huynh, DC Copertino, ...","bioRxiv",2026
"The conserved N-terminal SANT1-binding domain (SBD) of EZH2 regulates PRC2 activity","AL Patriotis, DW Barrows, Y Soto-Feliciano, LF Khan, M Leboeuf, ...","Genes & Development",2026
"Integration site determines the transcriptional fate and persistence of integrated proviruses","VK Pal, A Danesh, M Canis, RT Dilling, GI Miller, TT Huynh, D Copertino, ...","JOURNAL OF THE INTERNATIONAL AIDS SOCIETY",2026
"Comparative mass spectrometry analysis of high and low centrifugation extracellular vesicle (EV) pellets from healthy urine following Tamm-Horsfall protein removal","D Bielopolski, L Musante, H Molina, D Barrows, S Upson, L Yang, ...","Clinical Proteomics",2026
"Long-term maintenance of H3K27me3 in postmitotic neurons is dispensable for gene expression regulation.","I Laas, MR Paul, N Bhanu, L Feng, EE Govek, BA Garcia, TS Carroll, ...","Biorxiv: the Preprint Server for Biology",2026
"Synovial transcriptional clusters link cartilage degeneration to cell-type-specific gene expression in knee osteoarthritis","MR Mazzucco, B Mehta, J Ruiz-Ortiz, C Hale, F Omi, P Singh, R Yuan, ...","bioRxiv",2026
"Impaired non-shivering thermogenesis in the desert-dwelling antelope ground squirrel","L Olsen, M Albertini, D Barrows, TS Carroll, M Hiller, R Refinetti, ...","bioRxiv",2026
"MED1 IDR deacetylation controls stress responsive genes through RNA Pol II recruitment","R Lin, Y Mo, D Barrows, W Mei, T Onikubo, J Sun, Z Zhang, E Apostolou, ...","Nature Chemical Biology",2026
"Exercise intensity modulates interorgan communication and is associated with cardiometabolic health outcomes in humans","L Olsen, J Botella, D Barrows, E Romero, K Baird, M Katayama, E Kilic, ...","Cell Reports Medicine",2026
"Molecular mechanisms of the MLL4 complex in H3K4 methylation and p53-dependent transcription activation","J Sun, Z Zhang, Y Yu, N Cruz, S Zhang, Y Xiang, K Ito, C Lazarus, Z Tang, ...","Molecular Cell",2026
"A humanized NOVA1 splicing factor alters mouse vocal communications","Y Tajima, CDM Vargas, K Ito, W Wang, JD Luo, J Xing, N Kuru, ...","Nature Communications",2025
"The integrated stress response fine-tunes stem cell fate decisions upon serine deprivation and tissue injury","JSS Novak, L Polak, SC Baksh, DW Barrows, M Schernthanner, ...","Cell metabolism",2025
"ALDH9A1 deficiency as a source of endogenous DNA damage that requires repair by the Fanconi anemia pathway","M Jung, J Kim, Y Park, I Ilyashov, F Yang, HB Choijilsuren, D Keahi, ...","Journal of Cell Biology",2025
"Pronounced early differentiation underlies zebra finch gonadal germ cell development","MT Biegler, K Belay, W Wang, C Szialta, P Collier, JD Luo, B Haase, ...","Developmental biology",2025
"Heterozygosity at a conserved candidate sex determination locus is associated with female development in the clonal raider ant (Ooceraea biroi)","KD Lacy, J Lee, K Rozen-Gagnon, W Wang, TS Carroll, DJC Kronauer","Elife",2025
"Epigenetic mechanisms governing cell type specific somatic expansion and toxicity in Huntington’s disease","M Baffuto, K Mätlik, I Ilyashov, ME Siantoputri, H Chetia, Y Maeda, E Sipos, ...","bioRxiv",2025
"Acute cold exposure in humans shifts the circulating proteome to a cardioprotective and anti-aging profile","K Plucińska, ZZ Chen, R Xiang, S Zaman, L Yan, C Hurson, C Peterson, ...","bioRxiv",2025
"G-quadruplexes as a source of vulnerability in BRCA2-deficient granule cell progenitors and medulloblastoma","DL Keahi, MA Sanders, MR Paul, ALH Webster, Y Fang, TF Wiley, ...","Proceedings of the National Academy of Sciences",2025
"Short chain fatty acids regulate the chromatin landscape and distinct gene expression changes in human colorectal cancer cells","T Kabir, CA Connamacher, Z Nadeem, MR Paul, MR Smutny, ZK Lawler, ...","BioRxiv",2025
"Short-term gonadal cultures are sufficient for germline transmission in a songbird","M Biegler, E Harter, AV Sidhu, C Szialta, G Durham, L Tchernichovski, ...","bioRxiv",2025
"When the Brain's Switchboard Short Circuits: Cell‐Type Specific Molecular Characterization of the Human Thalamus in Alzheimer's Disease","R McLellan, L Kus, DA Davis, TS Carroll, C Pressl, E Siantoputri, N Heintz","Alzheimer's & Dementia",2025
"Short chain fatty acids driven histone modification and differential gene expression pattern in human colorectal cancer Cells","T Kabir, C Connamacher, Z Nadeem, M Paul, M Smutny, Z Lawler, ...","JOURNAL OF BIOLOGICAL CHEMISTRY",2025
"Abstract 2901 Short chain fatty acids driven histone modification and differential gene expression pattern in human colorectal cancer Cells","T Kabir, C Connamacher, Z Nadeem, M Paul, M Smutny, Z Lawler, ...","Journal of Biological Chemistry",2025
"Identification of a Thermogenic Target in the Dorsal Raphe Nucleus for Weight Management","A Moura-Assis, K Plucińska, A Baleisyte, D Meseguer, B Chen, ...","bioRxiv",2025
"Exercise intensity modulates the human plasma secretome and interorgan communication","L Olsen, J Botella, D Barrows, E Romero, K Baird, M Katayama, E Kilic, ...","bioRxiv",2025
"A cellular and molecular basis of leptin resistance","B Tan, K Hedbacker, L Kelly, Z Zhang, A Moura-Assis, JD Luo, ...","Cell Metabolism",2025
"Integrated multi-omics analyses of oral squamous cell carcinoma reveal precision patient stratification and personalized treatment strategies","CS Wu, HP Li, CH Hsieh, YT Lin, IYF Chang, AK Chung, Y Huang, ...","Cancer letters",2025
"Cell-type specific profiling of human entorhinal cortex at the onset of Alzheimer’s disease neuropathology","P Rodriguez-Rodriguez, W Wang, C Tsagkogianni, I Feng, ...","bioRxiv",2025
"Cell-type-specific CAG repeat expansions and toxicity of mutant Huntingtin in human striatum and cerebellum","K Mätlik, M Baffuto, L Kus, AL Deshmukh, DA Davis, MR Paul, TS Carroll, ...","Nature genetics",2024
"Selective vulnerability of layer 5a corticostriatal neurons in Huntington’s disease","C Pressl, K Mätlik, L Kus, P Darnell, JD Luo, MR Paul, AR Weiss, ...","Neuron",2024
"Histone butyrylation in the mouse intestine is mediated by the microbiota and associated with regulation of gene expression","LA Gates, BS Reis, PJ Lund, MR Paul, M Leboeuf, AM Djomo, Z Nadeem, ...","Nature metabolism",2024
"A genome-wide arrayed CRISPR screen identifies PLSCR1 as an intrinsic barrier to SARS-CoV-2 entry that recent virus variants have evolved to resist","J Le Pen, G Paniccia, V Kinast, M Moncada-Velez, AW Ashbrook, ...","PLoS Biology",2024
"Cancer-associated Histone H3 N-terminal arginine mutations disrupt PRC2 activity and impair differentiation","BA Nacev, Y Dabas, MR Paul, C Pacheco, M Mitchener, Y Perez, Y Fang, ...","Nature communications",2024
"ATRX guards against aberrant differentiation in mesenchymal progenitor cells","Y Fang, D Barrows, Y Dabas, TS Carroll, S Singer, WD Tap, BA Nacev","Nucleic Acids Research",2024
"Effect of the DASH diet on the sodium-chloride cotransporter and aquaporin-2 in urinary extracellular vesicles","D Bielopolski, L Musante, EJ Hoorn, H Molina, D Barrows, TS Carrol, ...","American Journal of Physiology-Renal Physiology",2024
"Isolation and molecular profiling of nuclei of specific neuronal types from human cerebral cortex and striatum","C Pressl, M Baffuto, P Darnell, C Wang, TS Carroll, N Heintz, K Mätlik","Current Protocols",2024
"RTF2 controls replication repriming and ribonucleotide excision at the replisome","BA Conti, PD Ruiz, C Broton, NJ Blobel, MC Kottemann, S Sridhar, ...","Nature Communications",2024
"ELAVL3 regulates splicing of RNAs encoding synaptic signaling proteins in D1 and D2 striatal medium spiny neurons","K Irmady, C Scheckel, RA Singer, T Carroll, RB Darnell","bioRxiv",2024
"Role of RNA splicing in Parkinson's disease (PD)","K Irmady, C Hale, R Qadri, J Fak, T Carroll, R Darnell","MOVEMENT DISORDERS",2024
"MED1 IDR acetylation reorganizes the transcription preinitiation complex, rewires 3D chromatin interactions and reprograms gene expression","R Lin, D Barrows, Y Mo, T Onikubo, Z Zhang, RG Roeder","bioRxiv",2024
"Selective Vulnerability of Layer 5a Corticostriatal Neurons in Huntington's Disease","C Pressl, K Mätlik, L Kus, P Darnell, JD Luo, MR Paul, AR Weiss, ...","Neuron",2024
"Neuronal activity rapidly reprograms dendritic translation via eIF4G2: uORF binding","E Hacisuleyman, CR Hale, N Noble, J Luo, JJ Fak, M Saito, J Chen, ...","Nature neuroscience",2024
"A cell autonomous regulator of neuronal excitability modulates tau in Alzheimer’s disease vulnerable neurons","P Rodriguez-Rodriguez, LE Arroyo-Garcia, C Tsagkogianni, L Li, W Wang, ...","Brain",2024
"Astrocyte-derived extracellular matrix proteins regulate synapse remodeling in stress-induced depression","R Zhang, P Rodriguez-Rodriguez, L Medrihan, JC Chang, T Ferraro, ...","bioRxiv",2024
"Oral mucosal breaks trigger anti-citrullinated bacterial and human protein antibody responses in rheumatoid arthritis","RC Brewer, TV Lanz, CR Hale, GD Sepich-Poore, C Martino, AD Swafford, ...","Science translational medicine",2023
"Using a smartwatch and smartphone to assess early Parkinson’s disease in the WATCH-PD study","JL Adams, T Kangarloo, B Tracey, P O’Donnell, D Volfson, RD Latzman, ...","npj Parkinson's Disease",2023
"A molecular switch between mammalian MLL complexes dictates response to Menin–MLL inhibition","YM Soto-Feliciano, FJ Sánchez-Rivera, F Perner, DW Barrows, ...","Cancer discovery",2023
"Blood transcriptomic signatures associated with molecular changes in the brain and clinical outcomes in Parkinson’s disease","K Irmady, CR Hale, R Qadri, J Fak, S Simelane, T Carroll, S Przedborski, ...","Nature communications",2023
"Reconstruction of interactions in the ProtoDUNE-SP detector with Pandora","AA Abud, B Abi, R Acciarri, MA Acero, MR Adames, G Adamov, ...","The European Physical Journal C",2023
"Transcriptional and post-transcriptional control of odorant receptor choice in ants","A Brahma, DD Frank, PDH Pastor, PK Piekarski, W Wang, JD Luo, ...","Current Biology",2023
"Coevolution of the CDCA7-HELLS ICF-related nucleosome remodeling complex and DNA methyltransferases","H Funabiki, IE Wassing, Q Jia, JD Luo, T Carroll","Elife",2023
"Organotypic human lung bud microarrays identify BMP-dependent SARS-CoV-2 infection in lung cells","EA Rosado-Olivieri, B Razooky, J Le Pen, R De Santis, D Barrows, ...","Stem Cell Reports",2023
"Layer 5a corticostriatal projection neurons are selectively vulnerable in Huntington's disease","C Pressl, K Mätlik, L Kus, P Darnell, JD Luo, AR Weiss, W Liguore, ...","bioRxiv: the preprint server for biology",2023
"Altered chromatin occupancy of patient-associated H4 mutants misregulate neuronal differentiation","L Feng, D Barrows, L Zhong, K Mätlik, EG Porter, AM Djomo, I Yau, ...","bioRxiv",2023
"Concordant RNA patterns in Parkinson's disease brain and peripheral blood","K Irmady, C Hale, J Fak, R Qadri, T Carroll, S Przedborski, R Darnell, ...","MOVEMENT DISORDERS",2023
"Regulation of the chromatin landscape and gene expression through the microbiota","LA Gates, BS Reis, PJ Lund, M Leboeuf, M Paul, TS Carroll, BA Garcia, ...","MOLECULAR BIOLOGY OF THE CELL",2023
"Histone bivalency regulates the timing of cerebellar granule cell development","K Mätlik, EE Govek, MR Paul, CD Allis, ME Hatten","Genes and Development",2023
"Proteasome Components in the Low-Centrifugation Pellet of Urinary Extracellular Vesicles: PUB341","D Bielopolski, L Musante, D Barrows, H Molina, JN Tobin, R Kost, ...","Journal of the American Society of Nephrology",2023
"A tissue injury sensing and repair pathway distinct from host pathogen defense","S Liu, YH Hur, X Cai, Q Cong, Y Yang, C Xu, AM Bilate, KAU Gonzales, ...","Cell",2023
"Coevolution of the  CDCA7-HELLS ICF-related nucleosome remodeling complex and DNA methyltransferases","H Funabiki, IE Wassing, Q Jia, JD Luo, TS Carroll","eLife",2023
"Cohesin-dependence of neuronal gene expression relates to chromatin loop length","L Calderon, FD Weiss, JA Beagan, MS Oliveira, R Georgieva, YF Wang, ...","Elife",2022
"Genomic signature of Fanconi anaemia DNA repair pathway deficiency in cancer","ALH Webster, MA Sanders, K Patel, R Dietrich, RJ Noonan, FP Lach, ...","Nature",2022
"Development of an improved inhibitor of Lats kinases to promote regeneration of mammalian organs","NR Kastan, S Oak, R Liang, L Baxt, RW Myers, J Ginn, N Liverton, ...","Proceedings of the National Academy of Sciences",2022
"LRG1 is an adipokine that promotes insulin sensitivity and suppresses inflammation","CHJ Choi, W Barr, S Zaman, C Model, A Park, M Koenen, Z Lin, ...","Elife",2022
"The pupal moulting fluid has evolved social functions in ants","O Snir, H Alwaseem, S Heissel, A Sharma, S Valdés-Rodríguez, ...","Nature",2022
"Pharmacological targeting of glutamatergic neurons within the brainstem for weight reduction","M Schneeberger, NL Brice, K Pellegrino, L Parolari, JT Shaked, KJ Page, ...","Nature Metabolism",2022
"Role of YAP in early ectodermal specification and a Huntington's Disease model of human neurulation","FM Piccolo, NR Kastan, T Haremaki, Q Tian, TL Laundos, R De Santis, ...","Elife",2022
"The integrated stress response remodels the microtubule-organizing center to clear unfolded proteins following proteotoxic stress","B Hurwitz, N Guzzi, A Gola, VF Fiore, A Sendoel, M Nikolova, D Barrows, ...","Elife",2022
"Expression of BRCA1, BRCA2, RAD51, and other DSB repair factors is regulated by CRL4WDR70","Z Mirman, K Sharma, TS Carroll, T de Lange","Dna Repair",2022
"DUNE Offline Computing Conceptual Design Report","AA Abud, B Abi, R Acciarri, M Acero, M Adames, G Adamov, ...","",2022
"Microbiota-dependent histone butyrylation in the mammalian intestine","LA Gates, BS Reis, PJ Lund, MR Paul, M Leboeuf, Z Nadeem, TS Carroll, ...","BioRxiv",2022
"Transcriptome patterns and their regulation by alternative splicing in Parkinson’s disease.(P12-11.006)","K Irmady, C Hale, R Qadri, J Fak, S Przedborski, T Carroll, R Darnell","Neurology",2022
"Author Correction: Pharmacological targeting of glutamatergic neurons within the brainstem for weight reduction","M Schneeberger, NL Brice, K Pellegrino, L Parolari, JT Shaked, KJ Page, ...","Nature Metabolism",2022
"Urinary Extracellular vesicles abundance of SLC12A3 (NCC) increase and Aquaporine2 decrease following DASH diet implementation","D Bielopolski, L Musante, H Molina, D Barrows, T Carrol, JN Tobin, ...","medRxiv",2022
"DASH Diet Mechanism Dissected by Urinary Extracellular Vesicles: TH-PO840","D Bielopolski, L Musante, D Barrows, TS Carroll, JN Tobin, ...","Journal of the American Society of Nephrology",2022
"An allostatic epigenetic memory on chromatin footprints after double-hit acute stress","SG Caradonna, MR Paul, J Marrocco","Neurobiology of Stress",2022
"P686. Chromatin Footprints in the Ventral Hippocampus in a Double-Hit Model of Heterotypic Stress","S Caradonna, M Paul, B McEwen, J Marrocco","Biological Psychiatry",2022
"Brainstem ADCYAP1+ neurons control multiple aspects of sickness behaviour","A Ilanges, R Shiao, J Shaked, JD Luo, X Yu, JM Friedman","Nature",2022
"A tissue injury repair pathway distinct but parallel to host pathogen defense","S Liu, YH Hur, X Cai, Q Cong, Y Yang, C Xu, AM Bilate, KA Uy Gonzales, ...","bioRxiv",2022
"Translational profiling of mouse dopaminoceptive neurons reveals region-specific gene expression, exon usage, and striatal prostaglandin E2 modulatory effects","E Montalban, A Giralt, L Taing, EHS Schut, LF Supiot, L Castell, ...","Molecular psychiatry",2022
"Molecular and cellular adaptations in hippocampal parvalbumin neurons mediate behavioral responses to chronic social stress","DL Bhatti, L Medrihan, MX Chen, J Jin, KA McCabe, W Wang, ...","Frontiers in Molecular Neuroscience",2022
"Oscillator circuit with negative resistance margin testing","M Jefremow, R Kho, R Mueller-Eschenbach, J Schaefer, A Voigtlaender, ...","US Patent",2022
"Enterococcus peptidoglycan remodeling promotes checkpoint inhibitor cancer immunotherapy","ME Griffin, J Espinosa, JL Becker, JD Luo, TS Carroll, JK Jha, GR Fanger, ...","Science",2021
"Establishment, maintenance, and recall of inflammatory memory","SB Larsen, CJ Cowley, SM Sajjath, D Barrows, Y Yang, TS Carroll, ...","Cell stem cell",2021
"Creatine-mediated crosstalk between adipocytes and cancer cells regulates obesity-driven breast cancer","OA Maguire, SE Ackerman, SK Szwed, AV Maganti, F Marchildon, ...","Cell metabolism",2021
"FMRP regulates mRNAs encoding distinct functions in the cell body and dendrites of CA1 pyramidal neurons","CR Hale, K Sawicka, K Mora, JJ Fak, JJ Kang, P Cutrim, K Cialowicz, ...","Elife",2021
"Altered temporal sequence of transcriptional regulators in the generation of human cerebellar granule cells","H Behesti, A Kocabas, DE Buchholz, TS Carroll, ME Hatten","Elife",2021
"Therapeutic radiation exposure of the abdomen during childhood induces chronic adipose tissue dysfunction","X Huang, OA Maguire, JM Walker, CS Jiang, TS Carroll, JD Luo, ...","JCI insight",2021
"Argonaute-CLIP delineates versatile, functional RNAi networks in Aedes aegypti, a major vector of human viruses","K Rozen-Gagnon, M Gu, JM Luna, JD Luo, S Yi, S Novack, E Jacobson, ...","Cell Host & Microbe",2021
"profileplyr: Visualization and annotation of read signal over genomic ranges with profileplyr","T Carroll, D Barrows","R package version",2021
"Activity-induced gene expression and long-range enhancer-promoter contacts in cohesin-deficient neurons","L Calderon, FD Weiss, JA Beagan, MS Oliveira, YF Wang, T Carroll, ...","Biorxiv",2021
"Reliance of neuronal gene expression on cohesin scales with chromatin loop length","L Calderon, FD Weiss, JA Beagan, MS Oliveira, Y Wang, T Carroll, ...","",2021
"The Loss of ALDH9A1 Is a Significant Source of Endogenous DNA Damage Which May be Reversed By the Inhibition of Polyamine Transport System","M Jung, I Ilyashov, D Keahi, T Wiley, S Sridhar, A Goldfarb, ...","Blood, The Journal of the American Society of Hematology",2021
"Package ‘soGGi’","G Dharmalingam, D Barrows, T Carroll, MT Carroll","",2021
"NOX-dependent reactive oxygen species are essential regulators of axonal regeneration","A Hervera, F De Virgiliis, I Palmisano, L Zhou, E Tantardini, G Kong, ...","Free radical biology & medicine",2021
"Two competing mechanisms of DNMT3A recruitment regulate the dynamics of de novo DNA methylation at PRC1-targeted CpG islands","DN Weinberg, P Rosenbaum, X Chen, D Barrows, C Horth, MR Marunde, ...","Nature genetics",2021
"Decoupling expression and editing preferences of ADAR1 p150 and p110 isoforms","T Sun, Y Yu, X Wu, A Acevedo, JD Luo, J Wang, WM Schneider, B Hurwitz, ...","Proceedings of the National Academy of Sciences",2021
"Fanconi anemia pathway deficiency drives copy number variation in squamous cell carcinomas","ALH Webster, MA Sanders, K Patel, R Dietrich, RJ Noonan, FP Lach, ...","Biorxiv",2021
"Circulating level of microRNA-142-5p is a potential biomarker for predicting in-stent restenosis: a case–control study","CH Pan, SC Chien, CJ Chen, CM Shih, MH Hsieh, CY Huang, WF Bi, ...","BMC Cardiovascular Disorders",2021
"GSAP regulates lipid homeostasis and mitochondrial function associated with Alzheimer’s disease","P Xu, JC Chang, X Zhou, W Wang, M Bamkole, E Wong, K Bettayeb, ...","Journal of Experimental Medicine",2021
"Identification of Neurensin-2 as a novel modulator of emotional behavior","G Umschweif, L Medrihan, A Guillén-Samander, W Wang, Y Sagi, ...","Molecular Psychiatry",2021
"Neuron-Glia Signaling Regulates the Onset of the Antidepressant Response","V Yao, A Aly, S Kalik, J Gresack, W Wang, A Handler, A Schaefer, ...","bioRxiv",2021
"Molecular and cellular adaptations in hippocampal parvalbumin neurons mediate behavioral responses to chronic social stress","DL Bhatti, L Medrihan, MX Chen, J Jin, K McCabe, W Wang, EP Azevedo, ...","bioRxiv",2021
"Human T-bet governs innate and innate-like adaptive IFN-γ immunity against mycobacteria","R Yang, F Mele, L Worley, D Langlais, J Rosain, I Benhsaien, H Elarabi, ...","Cell",2020
"Impaired cell fate through gain-of-function mutations in a chromatin reader","L Wan, S Chong, F Xuan, A Liang, X Cui, L Gates, TS Carroll, Y Li, L Feng, ...","Nature",2020
"Sensory discrimination of blood and floral nectar by Aedes aegypti mosquitoes","V Jové, Z Gong, FJH Hol, Z Zhao, TR Sorrells, TS Carroll, M Prakash, ...","Neuron",2020
"ZBTB1 regulates asparagine synthesis and leukemia cell response to L-asparaginase","RT Williams, R Guarecuco, LA Gates, D Barrows, MC Passarelli, B Carey, ...","Cell metabolism",2020
"BMP signaling: at the gate between activated melanocyte stem cells and differentiation","NR Infarinato, KS Stewart, Y Yang, NC Gomez, HA Pasolli, L Hidalgo, ...","Genes & Development",2020
"m6A RNA methylation impacts fate choices during skin morphogenesis","L Xi, T Carroll, I Matos, JD Luo, L Polak, HA Pasolli, SR Jaffrey, E Fuchs","Elife",2020
"Loss of UTX/KDM6A and the activation of FGFR3 converge to regulate differentiation gene-expression programs in bladder cancer","D Barrows, L Feng, TS Carroll, CD Allis","Proceedings of the National Academy of Sciences",2020
"Independence of HIF1a and androgen signaling pathways in prostate cancer","MGB Tran, BAS Bibby, L Yang, F Lo, AY Warren, D Shukla, M Osborne, ...","BMC cancer",2020
"Novel genetic features of human and mouse Purkinje cell differentiation defined by comparative transcriptomics","DE Buchholz, TS Carroll, A Kocabas, X Zhu, H Behesti, PL Faust, ...","Proceedings of the National Academy of Sciences",2020
"5-hydroxymethylcytosine and gene activity in mouse intestinal differentiation","S Uribe-Lewis, T Carroll, S Menon, A Nicholson, PJ Manasterski, ...","Scientific reports",2020
"Intellectual disability-associated factor Zbtb11 cooperates with NRF-2/GABP to control mitochondrial function","BC Wilson, L Boehme, A Annibali, A Hodgkinson, TS Carroll, RJ Oakey, ...","Nature Communications",2020
"A histone-like motif in yellow fever virus contributes to viral replication","D Mourão, S Chen, U Schaefer, L Bozzacco, LA Carneiro, A Gerber, ...","bioRxiv",2020
"The taste of blood in mosquitoes","V Jové, Z Gong, FJH Hol, Z Zhao, TR Sorrells, TS Carroll, M Prakash, ...","bioRxiv",2020
"Metadata record for: STATegra, a comprehensive multi-omics dataset of B-cell differentiation in mouse","D Gomez-Cabrero, S Tarazona, I Ferreirós-Vidal, RN Ramirez, A Schmidt, ...","figshare",2020
"The Herper package is a simple toolset to install and manage conda packages and environments from R","M Paul, T Carroll, D Barrows, K Rozen-Gagnon","Bioconductor",2020
"Transcriptomic analysis in liquid biopsy identifies circulating PCTAIRE-1 mRNA as a biomarker in NSCLC","JWC Chang, CL Shih, CL Wang, JD Luo, CW Wang, JJ Hsieh, CJ Yu, ...","Cancer Genomics-Proteomics",2020
"Targeted sequencing of circulating cell free DNA can be used to monitor therapeutic efficacy of tyrosine kinase inhibitors in non-small cell lung cancer patients","CC Chiou, CL Wang, JD Luo, CY Liu, HW Ko, CT Yang","Cancer Genomics-Proteomics",2020
"Selective neuronal vulnerability in Alzheimer’s disease: a network-based analysis","JP Roussarie, V Yao, P Rodriguez-Rodriguez, R Oughtred, J Rust, ...","Neuron",2020
"AP-1 controls the p11-dependent antidepressant response","RU Chottekalapanda, S Kalik, J Gresack, A Ayala, M Gao, W Wang, ...","Molecular psychiatry",2020
"Translational profiling of mouse dopaminoceptive neurons reveals a role of PGE2 in dorsal striatum","E Montalban, A Giralt, L Taing, Y Nakamura, C Martin, B de Pins, A Pelosi, ...","bioRxiv",2020
"GSAP regulates mitochondrial function through the Mitochondria-associated ER membrane in the pathogenesis of Alzheimer’s disease","P Xu, JC Chang, X Zhou, W Wang, M Bamkole, E Wong, K Bettayeb, ...","bioRxiv",2020
"The cytoplasmic DNA sensor cGAS promotes mitotic cell death","C Zierhut, N Yamaguchi, M Paredes, JD Luo, T Carroll, H Funabiki","Cell",2019
"Early life stress restricts translational reactivity in CA3 neurons associated with altered stress responses in adulthood","J Marrocco, JD Gray, JF Kogan, NR Einhorn, EM O’Cinneide, TG Rubin, ...","Frontiers in behavioral neuroscience",2019
"STATegra, a comprehensive multi-omics dataset of B-cell differentiation in mouse","D Gomez-Cabrero, S Tarazona, I Ferreirós-Vidal, RN Ramirez, ...","Scientific data",2019
"Selective deployment of transcription factor paralogs with submaximal strength facilitates gene regulation in the immune system","L Bruno, V Ramlall, RA Studer, S Sauer, D Bradley, G Dharmalingam, ...","Nature immunology",2019
"Feedforward regulation of Myc coordinates lineage-specific with housekeeping gene expression during B cell progenitor cell differentiation","I Ferreirós-Vidal, T Carroll, T Zhang, V Lagani, RN Ramirez, ...","PLoS Biology",2019
"A crystal/clear pipeline for applied image processing","CJ Watkins, N Rosa, T Carroll, D Ratcliffe, M Ristic, C Russell, R Li, ...","Asian Conference on Supercomputing Frontiers",2019
"AR chromatin binding is reprogrammed in the absence of FOXA1 in ER-breast cancers","I Denis, LA Selth, JLL Robinson, H Mohammed, T Carroll, GD Brown, ...","Oncology Abstracts",2019
"A Crystal/Clear Pipeline for Applied","CJ Watkins, N Rosa, T Carroll, D Ratcliffe, M Ristic, C Russell, R Li, ...","Supercomputing Frontiers:",2019
"Cohesin is continuously required to sustain neuronal gene expression","L Calderon, FD Weiss, T Carroll, EE Irvine, G Dharmalingam, K Tossell, ...","GENETICS RESEARCH",2019
"Condensin action and compaction","MR Paul, A Hochwagen, S Ercan","Current genetics",2019
"The Condensin Complex: A Multi-functional Genome Organizer","MR Paul","New York University",2019
"Targeted sequencing of cancer‐related genes in nasopharyngeal carcinoma identifies mutations in the TGF‐β pathway","AK Chung, CN OuYang, H Liu, M Chao, JD Luo, CY Lee, YJ Lu, IC Chung, ...","Cancer medicine",2019
"Loss of SATB1 induces p21-dependent cellular senescence in post-mitotic dopaminergic neurons","M Riessland, B Kolisnyk, TW Kim, J Cheng, J Ni, JA Pearson, EJ Park, ...","Cell stem cell",2019
"Molecular evolution across developmental time reveals rapid divergence in early embryogenesis","AD Cutter, RH Garrett, S Mark, W Wang, L Sun","Evolution letters",2019
"Genome structure predicts modular transcriptome responses to genetic and environmental conditions","S Mark, J Weiss, E Sharma, T Liu, W Wang, JM Claycomb, AD Cutter","Molecular Ecology",2019
"Genetic and environmental perturbations drive modular transcriptome responses","S Mark, J Weiss, E Sharma, T Liu, W Wang, JM Claycomb, AD Cutter","BioRxiv",2019
"Genomics of rapid ecological divergence and parallel adaptation in four tidal marsh sparrows 324 Jennifer Walsh, Phred M. Benham, Petra E. Deane-Coe, Peter Arcese, Bronwyn G …","WG Shriver, VL Winder, IJ Lovette, C Román-Palacios, JP Scholl, ...","",2019
"Epileptic seizure prediction using big data and deep learning: toward a mobile system","I Kiral-Kornek, S Roy, E Nurse, B Mashford, P Karoly, T Carroll, D Payne, ...","EBioMedicine",2018
"Reactive oxygen species regulate axonal regeneration through the release of exosomal NADPH oxidase 2 complexes into injured axons","A Hervera, F De Virgiliis, I Palmisano, L Zhou, E Tantardini, G Kong, ...","Nature cell biology",2018
"PTBP1-mediated alternative splicing regulates the inflammatory secretome and the pro-tumorigenic effects of senescent cells","A Georgilis, S Klotz, CJ Hanley, N Herranz, B Weirich, B Morancho, ...","Cancer cell",2018
"WNT signaling memory is required for ACTIVIN to function as a morphogen in human gastruloids","A Yoney, F Etoc, A Ruzo, T Carroll, JJ Metzger, I Martyn, S Li, C Kirst, ...","Elife",2018
"Low dose exposure to HBCD, CB-153 or TCDD induces histopathological and hormonal effects and changes in brain protein and gene expression in juvenile female BALB/c mice","JD Rasinger, TS Carroll, F Maranghi, R Tassinari, G Moracci, I Altieri, ...","Reproductive Toxicology",2018
"Parallel in vivo and in vitro transcriptomics analysis reveals calcium and zinc signalling in the brain as sensitive targets of HBCD neurotoxicity","V Reffatto, JD Rasinger, TS Carroll, T Ganay, AK Lundebye, I Sekler, ...","Archives of Toxicology",2018
"Epileptic seizure prediction using big data and deep learning: Toward a mobile system. eBioMedicine, 27, 103–111","I Kiral-Kornek, S Roy, E Nurse, B Mashford, P Karoly, T Carroll, D Payne, ...","",2018
"EP-2298: Hypoxia inducible factor 1α confers androgen independence in prostate cancer","B Bibby, M Tran, L Yang, F Lo, A Warren, D Shukla, M Osborne, ...","Elsevier",2018
"Condensin Depletion Causes Genome Decompaction Without Altering the Level of Global Gene Expression in Saccharomyces cerevisiae","MR Paul, TE Markowitz, A Hochwagen, S Ercan","Genetics",2018
"Histidine-dependent protein methylation is required for compartmentalization of CTP synthase","WC Lin, A Chakraborty, SC Huang, PY Wang, YJ Hsieh, KY Chien, ...","Cell reports",2018
"A colloidal nanopatterning and downscaling of a highly periodic au nanoporous EGFET biosensor","A Purwidyantri, L Kamajaya, CH Chen, JD Luo, CC Chiou, YC Tian, ...","Journal of the Electrochemical Society",2018
"Risk analysis of malignant potential of oral verrucous hyperplasia: A follow‐up study of 269 patients and copy number variation analysis","MH Wu, JD Luo, WC Wang, TH Chang, WL Hwang, KH Lee, SY Liu, ...","Head & neck",2018
"核酸分子檢測方法及檢測套組","CC Chiou, TAIL CHEN, J LUO","",2018
"Detection method and detection kit for nucleic acid molecules","CC CHIOU, C Tai-Long, LUO Ji-Dung","US Patent App.",2018
"Comparative genomics reveals the core gene toolbox for the fungus-insect symbiosis","Y Wang, M Stata, W Wang, JE Stajich, MM White, JM Moncalvo","MBio",2018
"Genome-wide nucleotide diversity and associations with geography, ploidy level and glucosinolate profiles in Aethionema arabicum (Brassicaceae)","S Mohammadin, W Wang, T Liu, H Moazzeni, K Ertugrul, T Uysal, ...","Plant Systematics and Evolution",2018
"Coupling shRNA screens with single-cell RNA-seq identifies a dual role for mTOR in reprogramming-induced senescence","M Aarts, A Georgilis, M Beniazza, P Beolchi, A Banito, T Carroll, M Kulisic, ...","Genes & Development",2017
"A high-resolution map of transcriptional repression","Z Liang, KE Brown, T Carroll, B Taylor, IF Vidal, B Hendrich, D Rueda, ...","Elife",2017
"Ret receptor tyrosine kinase sustains proliferation and tissue maturation in intestinal epithelia","D Perea, J Guiu, B Hudry, C Konstantinidou, A Milona, D Hadjieconomou, ...","The EMBO journal",2017
"Analysis of ChIP-seq data in R/Bioconductor","I de Santiago, T Carroll","Chromatin Immunoprecipitation: Methods and Protocols",2017
"An efficient method for generation of bi-allelic null mutant mouse embryonic stem cells and its application for investigating epigenetic modifiers","CL Fisher, H Marks, LT Cho, R Andrews, S Wormald, T Carroll, V Iyer, ...","Nucleic acids research",2017
"Assessing ChIP-seq sample quality with ChIPQC","T Carroll, R Stark","",2017
"Strategies to mitigate climate change impacts on vulnerable populations","AS Hilts, A Mair, D French, T Carroll, M Benedict, H Moss, E Stupp, ...","APHA",2017
"Acute condensin depletion causes genome decompaction without altering the level of global gene expression in Saccharomyces cerevisiae","MR Paul, TE Markowitz, A Hochwagen, S Ercan","bioRxiv",2017
"APOBEC3A is an oral cancer prognostic biomarker in Taiwanese carriers of an APOBEC deletion polymorphism","TW Chen, CC Lee, H Liu, CS Wu, CR Pickering, PJ Huang, J Wang, ...","Nature communications",2017
"Speckled ZnO Nanograss Electrochemical Sensor for Staphylococcus epidermidis Detection","A Purwidyantri, CH Chen, LY Chen, CC Chen, JD Luo, CC Chiou, ...","Journal of The Electrochemical Society",2017
"Hill-Robertson interference reduces genetic diversity on a young plant Y-chromosome","J Hough, W Wang, SCH Barrett, SI Wright","Genetics",2017
"The genetic architecture of tristyly and its breakdown to self‐fertilization","R Arunkumar, W Wang, SI Wright, SCH Barrett","Molecular ecology",2017
"SWI/SNF regulates a transcriptional program that induces senescence to prevent liver cancer","L Tordella, S Khan, A Hohmeyer, A Banito, S Klotz, S Raguz, N Martin, ...","Genes & development",2016
"MicroRNAs of the miR-290–295 family maintain bivalency in mouse embryonic stem cells","B Graham, A Marcais, G Dharmalingam, T Carroll, C Kanellopoulou, ...","Stem Cell Reports",2016
"Package ‘ChIPQC’","T Carroll, W Liu, I de Santiago, R Stark, C biocViews Sequencing, ...","",2016
"Clusters of Nuclear Beta-Catenin Accumulating Cells Form Secretory Hubs in Adamantinomatous Craniopharyngioma","JR Apps, N Jani, JM Gonzalez-Meljem, K Tossell, T Carroll, MA Ungless, ...","The Journal of Pathology",2016
"Analysis of the mechanisms that regulate the AURKB gene","P Begum, T Carroll, N Dillon","The Lancet",2016
"PREX1 protein function is negatively regulated downstream of receptor tyrosine kinase activation by p21-activated kinases (PAKs)","D Barrows, JZ He, R Parsons","Journal of Biological Chemistry",2016
"Spin-coated Au-nanohole arrays engineered by nanosphere lithography for a Staphylococcus aureus 16S rRNA electrochemical sensor","A Purwidyantri, CH Chen, BJ Hwang, JD Luo, CC Chiou, YC Tian, CY Lin, ...","Biosensors and Bioelectronics",2016
"Programming a nonvolatile memory-like sensor for KRAS gene sensing and signal enhancement","YT Lin, A Purwidyantri, JD Luo, CC Chiou, CM Yang, CH Lo, TL Hwang, ...","Biosensors and Bioelectronics",2016
"GeneGazer: A toolkit integrating two pipelines for personalized profiling and biosignature identification","JD Luo, YJ Chang, CM Chang, JF You, PL Wei, CC Chiou","Cancer Genomics-Proteomics",2016
"Investigation of MicroRNA Expression Profiles in the Susceptible Population to In‐stent Restenosis","CJ Chen, CH Wu, S Chun‐Ming, CY Huang, WF Bi, CS Chan, YT Kao, ...","The FASEB Journal",2016
"mTOR regulates MAPKAPK2 translation to control the senescence-associated secretory phenotype","N Herranz, S Gallage, M Mellone, T Wuestefeld, S Klotz, CJ Hanley, ...","Nature cell biology",2015
"Spatial enhancer clustering and regulation of enhancer-proximal genes by cohesin","E Ing-Simmons, VC Seitan, AJ Faure, P Flicek, T Carroll, J Dekker, ...","Genome research",2015
"5-hydroxymethylcytosine marks promoters in colon that resist DNA hypermethylation in cancer","S Uribe-Lewis, R Stark, T Carroll, MJ Dunning, M Bachman, Y Ito, L Stojic, ...","Genome biology",2015
"Salt-inducible kinase 2 regulates mitotic progression and transcription in prostate cancer","H Bon, K Wadhwa, A Schreiner, M Osborne, T Carroll, A Ramos-Montoya, ...","Molecular Cancer Research",2015
"Jarid2 coordinates nanog expression and PCP/Wnt signaling required for efficient ESC differentiation and early embryo development","D Landeira, H Bagci, AR Malinowski, KE Brown, J Soza-Ried, A Feytout, ...","Cell reports",2015
"Initiation and maintenance of pluripotency gene expression in the absence of cohesin","T Lavagnolli, P Gupta, E Hörmanseder, H Mira-Bontenbal, ...","Genes & development",2015
"microRNAs regulate cell-to-cell variability of endogenous target gene expression in developing mouse thymocytes","R Blevins, L Bruno, T Carroll, J Elliott, A Marcais, C Loh, A Hertweck, ...","PLoS genetics",2015
"Opposing functions for distinct LINC complexes in actin cytoskeleton organization","K Thakar, TW Carroll","MOLECULAR BIOLOGY OF THE CELL",2015
"PTEN inhibits PREX2-catalyzed activation of RAC1 to restrain tumor cell invasion","SM Mense, D Barrows, C Hodakoski, N Steinbach, D Schoenfeld, W Su, ...","Science signaling",2015
"p21-activated kinases (PAKs) mediate the phosphorylation of PREX2 protein to initiate feedback inhibition of Rac1 GTPase","D Barrows, SM Schoenfeld, C Hodakoski, A Silkov, B Honig, A Couvillon, ...","Journal of Biological Chemistry",2015
"Sensing performance of fibronectin-functionalized Au-EGFET on the detection of S. epidermidis biofilm and 16S rRNA of infection-related bacteria in peritoneal dialysis","A Purwidyantri, HC Lai, SH Tsai, JD Luo, CC Chiou, YC Tian, CH Cheng, ...","Sensors and Actuators B: Chemical",2015
"Circulating messenger RNA profiling with microarray and next-generation sequencing: cross-platform comparison","CL Shih, JD Luo, JWC Chang, TL Chen, YT Chien, CJ Yu, CC Chiou","Cancer Genomics-Proteomics",2015
"Hybrid origins and the earliest stages of diploidization in the highly successful recent polyploid Capsella bursa-pastoris","GM Douglas, G Gos, KA Steige, A Salcedo, K Holm, EB Josephs, ...","Proceedings of the National Academy of Sciences",2015
"Reproductive Mode and the Evolution of Genome Size and Structure in Caenorhabditis Nematodes","JL Fierst, JH Willis, CG Thomas, W Wang, RM Reynolds, TE Ahearne, ...","PLoS genetics",2015
"Recurrent Loss of Sex Is Associated with Accumulation of Deleterious Mutations in Oenothera","JD Hollister, S Greiner, W Wang, J Wang, Y Zhang, GKS Wong, SI Wright, ...","Molecular Biology and Evolution",2015
"Full-genome evolutionary histories of selfing, splitting, and selection in Caenorhabditis","CG Thomas, W Wang, R Jovelin, R Ghosh, T Lomasko, Q Trinh, ...","Genome research",2015
"Impact of artifact removal on ChIP quality metrics in ChIP-seq and ChIP-exo data","TS Carroll, Z Liang, R Salama, R Stark, I de Santiago","Frontiers in genetics",2014
"Elevated levels of FOXA1 facilitate androgen receptor chromatin binding resulting in a CRPC-like phenotype","JLL Robinson, TE Hickey, AY Warren, SL Vowler, T Carroll, AD Lamb, ...","Oncogene",2014
"HES6 drives a critical AR transcriptional programme to induce castration‐resistant prostate cancer through activation of an E2F1‐mediated cell cycle network","A Ramos‐Montoya, AD Lamb, R Russell, T Carroll, S Jurmeister, ...","EMBO molecular medicine",2014
"microRNA-mediated regulation of mTOR complex components facilitates discrimination between activation and anergy in CD4 T cells","A Marcais, R Blevins, J Graumann, A Feytout, G Dharmalingam, T Carroll, ...","Journal of Experimental Medicine",2014
"Cross-omics gene and protein expression profiling in juvenile female mice highlights disruption of calcium and zinc signalling in the brain following dietary exposure to CB-153 …","JD Rasinger, TS Carroll, AK Lundebye, C Hogstrand","Toxicology",2014
"An H3K9/S10 methyl-phospho switch modulates Polycomb and Pol II binding at repressed genes during differentiation","P Sabbattini, M Sjoberg, S Nikic, A Frangini, PH Holmqvist, N Kunowska, ...","Molecular biology of the cell",2014
"Regulation of the transcriptional coactivator MKL1 by the nuclear lamina.","M Sledd, C May, T Carroll","MOLECULAR BIOLOGY OF THE CELL",2014
"Regulation of Lamin A assembly and abundance by SRF/Mkl1.","T Carroll, K Thakar","MOLECULAR BIOLOGY OF THE CELL",2014
"Hes6 drives a critical androgen receptor (AR) transcriptional program to induce castration resistant prostate cancer (CRPC) through activation of an E2F1-mediated cell cycle …","AD Lamb, A Ramos-Montoya, R Russell, T Carroll, C Massie, G Shaw, ...","BJU INTERNATIONAL",2014
"Role of Hes6 in castration-resistant prostate cancer","AD Lamb, A Ramos-Montoya, R Russell, T Carroll, CE Massie, GL Shaw, ...","The Lancet",2014
"Kitsap County Green Sweep Program","M Heine, R Scherdnik, M Fohn, T Carroll, CW May","",2014
"836 Hes6 drives a critical androgen receptor (AR) transcriptional program to induce castration resistant prostate cancer (CRPC) through activation of an E2F1-mediated cell …","AD Lamb, A Ramos-Montoya, R Russell, T Carroll, CE Massie, G Shaw, ...","European Urology Supplements",2014
"PTEN function: the long and the short of it","BD Hopkins, C Hodakoski, D Barrows, SM Mense, RE Parsons","Trends in biochemical sciences",2014
"Regulation of PTEN inhibition by the pleckstrin homology domain of P-REX2 during insulin signaling and glucose homeostasis","C Hodakoski, BD Hopkins, D Barrows, SM Mense, M Keniry, KE Anderson, ...","Proceedings of the National Academy of Sciences",2014
"Characterization of body effect of Au-EGFET for KRAS gene detection","HH Chang, YT Lin, CM Yang, J Luo, CC Chiou, CS Lai","",2014
"Nannochloropsis Genomes Reveal Evolution of Microalgal Oleaginous Traits","D Wang, K Ning, J Li, J Hu, D Han, H Wang, X Zeng, X Jing, Q Zhou, X Su, ...","PLoS genetics",2014
"Genetic degeneration of old and young Y chromosomes in the flowering plant Rumex hastatulus","J Hough, JD Hollister, W Wang, SCH Barrett, SI Wright","Proceedings of the National Academy of Sciences",2014
"Mating system shifts and transposable element evolution in the plant genus Capsella","JA Ågren, W Wang, D Koenig, B Neuffer, D Weigel, SI Wright","BMC genomics",2014
"A complex secretory program orchestrated by the inflammasome controls paracrine senescence","JC Acosta, A Banito, T Wuestefeld, A Georgilis, P Janich, JP Morton, ...","Nature cell biology",2013
"Naive pluripotency is associated with global DNA hypomethylation","HG Leitch, KR McEwen, A Turp, V Encheva, T Carroll, N Grabole, ...","Nature structural & molecular biology",2013
"Redistribution of the Lamin B1 genomic binding profile affects rearrangement of heterochromatic domains and SAHF formation during senescence","M Sadaie, R Salama, T Carroll, K Tomimatsu, T Chandra, ARJ Young, ...","Genes & development",2013
"Functional variants at the 11q13 risk locus for breast cancer regulate cyclin D1 expression through long-range enhancers","JD French, M Ghoussaini, SL Edwards, KB Meyer, K Michailidou, ...","The American Journal of Human Genetics",2013
"Genome-wide identification of Ikaros targets elucidates its contribution to mouse B-cell lineage specification and pre-B–cell differentiation","I Ferreirós-Vidal, T Carroll, B Taylor, A Terry, Z Liang, L Bruno, ...","Blood, The Journal of the American Society of Hematology",2013
"Polycystin-1 binds Par3/aPKC and controls convergent extension during renal tubular morphogenesis","M Castelli, M Boca, M Chiaravalli, H Ramalingam, I Rowe, G Distefano, ...","Nature communications",2013
"Dietary exposure of juvenile female mice to polyhalogenated seafood contaminants (HBCD, BDE-47, PCB-153, TCDD): comparative assessment of effects in potential target tissues","F Maranghi, R Tassinari, G Moracci, I Altieri, JD Rasinger, TS Carroll, ...","Food and chemical toxicology",2013
"Interplay between Homeobox proteins and Polycomb repressive complexes in p16INK4a regulation","N Martin, N Popov, F Aguilo, A O’Loghlen, S Raguz, AP Snijders, ...","The EMBO journal",2013
"935 Activation of HIF1α promotes androgen independent prostate cancer cell growth","M Tran, F Lo, A Ramos-Montoya, H Scott, S Menon, T Carroll, M Osborne, ...","European Urology Supplements",2013
"Akt Regulates TNFα synthesis downstream of RIP1 kinase activation during necroptosis","CR McNamara, R Ahuja, AD Osafo-Addo, D Barrows, A Kettenbach, ...","PLoS One",2013
"Akt Regulates TNFo Synthesis Downstream of RIP1 Kinase Activation","CR McNamara, R Ahuja, AD Osafo-Addo, D Barrows, A Kettenbach","",2013
"Integrating solid-state sensor and microfluidic devices for glucose, urea and creatinine detection based on enzyme-carrying alginate microbeads","YH Lin, SH Wang, MH Wu, TM Pan, CS Lai, JD Luo, CC Chiou","Biosensors and Bioelectronics",2013
"Detection of KRAS mutation by combination of polymerase chain reaction (PCR) and EIS sensor with new amino group functionalization","YT Lin, JD Luo, CC Chiou, CM Yang, CY Wang, C Chou, CS Lai","Sensors and Actuators B: Chemical",2013
"The Capsella rubella genome and the genomic consequences of rapid mating system evolution","T Slotte, KM Hazzouri, JA Ågren, D Koenig, F Maumus, YL Guo, K Steige, ...","Nature genetics",2013
"Independence of repressive histone marks and chromatin compaction during senescent heterochromatic layer formation","T Chandra, K Kirschner, JY Thuret, BD Pope, T Ryba, S Newman, ...","Molecular cell",2012
"Polycomb associates genome-wide with a specific RNA polymerase II variant, and regulates metabolic genes in ESCs","E Brookes, I De Santiago, D Hebenstreit, KJ Morris, T Carroll, SQ Xie, ...","Cell stem cell",2012
"MicroRNA regulation of Cbx7 mediates a switch of Polycomb orthologs during ESC differentiation","A O'Loghlen, AM Muñoz-Cabello, A Gaspar-Maia, HA Wu, A Banito, ...","Cell stem cell",2012
"Polycomb complexes co-associate with a specific RNA polymerase II variant inES cells","I de Santiago, E Brookes, KJ Morris, T Carroll, SQ Xie, D Hebenstreit, ...","HUMAN GENE THERAPY",2012
"252 Homeobox Proteins Recruit Polycomb Repressive Complexes to Repress INK4a","N Popov, N Martin, F Aguilo, S Raguz, AP Snijders, G Dharmalingam, S Li, ...","european journal of cancer",2012
"Sensitive detection of unlabeled oligonucleotides using a paired surface plasma waves biosensor","YC Li, CC Chiou, JD Luo, WJ Chen, LC Su, YF Chang, YS Chang, CS Lai, ...","Biosensors and Bioelectronics",2012
"Saliva microbiomes distinguish caries-active from healthy human populations","F Yang, X Zeng, K Ning, KL Liu, CC Lo, W Wang, J Chen, D Wang, ...","The ISME journal",2012
"A role for cohesin in T-cell-receptor rearrangement and thymocyte differentiation","VC Seitan, B Hao, K Tachibana-Konwalski, T Lavagnolli, ...","Nature",2011
"Cerebral gene expression and neurobehavioural development after perinatal exposure to an environmentally relevant polybrominated diphenylether (BDE47)","M Haave, KI Folven, T Carroll, C Glover, E Heegaard, T Brattelid, ...","Cell biology and toxicology",2011
"Transcriptomic analysis of the neurotoxicity of relevant persistent organic pollutants in a salmon-based diet","TS Carroll","King's College, London",2011
"Endorepellin, the angiostatic module of perlecan, interacts with both the α2β1 integrin and vascular endothelial growth factor receptor 2 (VEGFR2): a dual receptor antagonism","A Goyal, N Pal, M Concannon, M Paul, M Doran, C Poluzzi, K Sekiguchi, ...","Journal of Biological Chemistry",2011
"Solid-state sensor incorporated in microfluidic chip and magnetic-bead enzyme immobilization approach for creatinine and glucose detection in serum","YH Lin, CH Chiang, MH Wu, TM Pan, JD Luo, CC Chiou","Applied Physics Letters",2011
"Monitoring triplex DNA formation with fluorescence resonance energy transfer between a fluorophore-labeled probe and intercalating dyes","CC Chiou, SW Chen, JD Luo, YT Chien","Analytical biochemistry",2011
"Assessment of co2 emission metrics for a commercial aircraft certification requirement","PA Bonnefoy, GA Burdette, T Carroll, RJ Hansman, J Hileman, S Isley, ...","",2010
"Systems biology investigation of the mechanisms of brominated flame retardant neurotoxicity","C Hogstrand","Comparative Biochemistry and Physiology Part A: Molecular & Integrative …",2010
"Methods and kits for the detection of nucleotide mutations using peptide nucleic acid as both PCR clamp and sensor probe","CC CHIOU, LUO Ji-Dung","US Patent",2010
"Identification of somatic mitochondrial DNA variations in colorectal cancer by next generation sequencing.","JD Luo, CC Chiou","AACC",2010
"Comparison of the Power Plate and Free Weight Exercises on Upper Body Muscle Endurance in Young Athletes","E Boland, D Boland, T Carroll, WR Barfield","International Journal of Exercise Science",2009
"P10: Histopathological effects of 2, 3, 7, 8-TCDD, PCB-153, PBDE-47, and HBCD administered in a salmon-based diet to juvenile female balb/c mice","F Maranghi, G Moracci, R Tassinari, JD Rasinger, TS Carroll, ...","Experimental and Toxicologic Pathology",2009
"Histopathological effects on target organ maturation in juvenile female mice upon exposure to 2, 3, 7, 8-TCDD, PCB-153, PBDE-47 or HBCD through a salmon-based diet","F Maranghi","Reproductive Toxicology",2009
"High resolution melting analysis for mutation detection for PTPN11 gene: Applications of this method for diagnosis of Noonan syndrome","FS Lo, JD Luo, YJ Lee, SG Shu, MT Kuo, CC Chiou","Clinica chimica acta",2009
"Novel Features of the Polysaccharide-Digesting Gliding Bacterium Flavobacterium johnsoniae as Revealed by Genome Sequence Analysis","MJ McBride, G Xie, EC Martens, A Lapidus, B Henrissat, RG Rhodes, ...","Applied and environmental microbiology",2009
"The complete genome sequence of Flavobacterium johnsoniae.","DW Hunnicutt, G Xie, A Lapidus, E Goltsman, W Wang, J Xu, B Henrissat, ...","Proceedings of'Flavobacterium",2009
"Putation, identification and bioinformatics analysis of Schistosoma japonicum aldehyde dehydrogenase full coding sequence","W Wang, DL Liu, W Hu, Z Feng, Z Yang","Zhongguo ji Sheng Chong xue yu ji Sheng Chong Bing za zhi= Chinese Journal …",2008
"The transcription corepressor LEUNIG interacts with the histone deacetylase HDA19 and mediator components MED14 (SWP) and CDK8 (HEN3) to repress transcription","D Gonzalez, AJ Bowen, TS Carroll, RS Conlan","Molecular and cellular biology",2007
"Leaving the big time: A case study of two universities that moved their athletics programs to Division III","T Carroll","University of Pennsylvania",2006
"Detection of rare mutant K-             ras              DNA in a single-tube reaction using peptide nucleic acid as both PCR clamp and sensor probe","JD Luo, EC Chan, CL Shih, TL Chen, Y Liang, TL Hwang, CC Chiou","Nucleic acids research",2006
"Single-tube reaction using peptide nucleic acid as both PCR clamp and sensor probe for the detection of rare mutations","CC Chiou, JD Luo, TL Chen","Nature Protocols",2006
"Cloning, expression and phylogenetic analysis of Schistosoma japonicum calcyphosine gene","C Ju, J Peng, B Xu, W Wang, Z Feng, W Hu","Zhongguo ji sheng chong xue yu ji sheng chong bing za zhi= Chinese journal …",2006
"Identification of an aerobic denitrifying bacterium and its potential application in wastewater treatment","P Li, YL Zheng, SL Chen","Chinese Journal of Applied and Environmental Biology",2005
"Detection of Trace Amounts of Mutant K-ras DNA by Peptide Nucleic Acid as Both PCR Clamp and Sensor Probe","CC Chiou, JD Luo","Clinical Chemistry",2004
"EUR Research Information Portal","D Bielopolski, L Musante, EJ Hoorn, H Molina, D Barrows, TS Carrol, ...","Group",2001
"Epileptic seizure prediction using big data and deep learning: toward a mobile system. EBioMedicine. 2018; 27: 103–11","I Kiral-Kornek, S Roy, E Nurse, B Mashford, P Karoly, T Carroll","Analysis of intracranial EEG data from",NA
"Epileptic seizure prediction using big data and deep learning: toward a mobile system. EBioMedicine 27, 103–111 (2018)","I Kiral-Kornek, S Roy, E Nurse, B Mashford, P Karoly, T Carroll, D Payne, ...","Elsevier",NA
"Epileptic seizure prediction using big data and deep learning: Toward a mobile system, EBioMedicine 27 (2018) 103–111","I Kiral-Kornek, S Roy, E Nurse, B Mashford, P Karoly, T Carroll, D Payne, ...","Crossref, Medline, Web of Science",NA
"Competing interests: The authors declare that no competing interests exist. Funding: See page 20 Received: 28 October 2016","Z Liang, KE Brown, T Carroll, B Taylor, IF Vidal, B Hendrich, D Rueda, ...","",NA
"Search Aggiornamenti in Medicina","A Yoney, F Etoc, A Ruzo, T Carroll, JJ Metzger","",NA
"IAT 2009","S Abras, G Airy, M Alberti, E Andonoff, S Baldassarri, D Le Berre, ...","",NA
"IAT 2010 Non-Program Committee Reviewers","L Agussurja, B Beaufils, S Cardon, T Carroll, S Ceppi, SF Cheng, ...","",NA
"IAT 2008","TM Abdelaziz, DF Adamatti, L Agussurja, P Barbini, A Batzios, A Bazzan, ...","",NA
"Hes6 drives a critical AR transcriptional program to induce castration resistant prostate cancer through activation of an E2F1-mediated cell cycle network","AD Lamb, A Ramos-Montoya, R Russell, T Carroll, CE Massie, G Shaw, ...","",NA
